DEGIMI001F.fastq_cds.sam	DEGIMI
DEGIMI002F.fastq_cds.sam	DEGIMI
DEGIMI004BF.fastq_cds.sam	DEGIMI
DEGIMI005F.fastq_cds.sam	DEGIMI
DEGIMI006F_2.fastq_cds.sam	DEGIMI
DEGIMI007F.fastq_cds.sam	DEGIMI
DEGIMI008BF.fastq_cds.sam	DEGIMI
DEGIMI009F.fastq_cds.sam	DEGIMI
DEGIMI010F.fastq_cds.sam	DEGIMI
DEGIMI011F.fastq_cds.sam	DEGIMI
DEGIMI012F.fastq_cds.sam	DEGIMI
DEGIMI013F.fastq_cds.sam	DEGIMI
DEGIMI013F_rep.fastq_cds.sam	DEGIMI
DEGIMI014BF.fastq_cds.sam	DEGIMI
KAUITO001F.fastq_cds.sam	KAUITO
KAUITO002F.fastq_cds.sam	KAUITO
KAUITO003F.fastq_cds.sam	KAUITO
MEMITO004BF.fastq_cds.sam	MEMITO
MEMITO013F.fastq_cds.sam	MEMITO
MEMITO014BF.fastq_cds.sam	MEMITO
MEMITO021BF.fastq_cds.sam	MEMITO
MEMITO022BF.fastq_cds.sam	MEMITO
MEMITOV02BF.fastq_cds.sam	MEMITO
NUMITO001BF.fastq_cds.sam	NUMITO
NUMITO003BF.fastq_cds.sam	NUMITO
NUMITO004BF.fastq_cds.sam	NUMITO
NUMITO004F.fastq_cds.sam	NUMITO
NUMITO005BF.fastq_cds.sam	NUMITO
NUMITO006BF.fastq_cds.sam	NUMITO
NUMITO040F.fastq_cds.sam	NUMITO
NUMITO048F.fastq_cds.sam	NUMITO
NUMITO054F.fastq_cds.sam	NUMITO
NUMITO055F.fastq_cds.sam	NUMITO
NUMITO059F.fastq_cds.sam	NUMITO
NUMITO064F.fastq_cds.sam	NUMITO
NUMITO065F.fastq_cds.sam	NUMITO
BRUMIC035F.fastq_cds.sam	BRUMIC
BRUMIC036F.fastq_cds.sam	BRUMIC
BRUMIC037F.fastq_cds.sam	BRUMIC
BRUMIC038BF.fastq_cds.sam	BRUMIC
BRUMIC039F.fastq_cds.sam	BRUMIC
BRUMIC040F.fastq_cds.sam	BRUMIC
BRUMIC041F.fastq_cds.sam	BRUMIC
BRUMIC042F.fastq_cds.sam	BRUMIC
BRUMIC044F.fastq_cds.sam	BRUMIC
BRUMIC046F.fastq_cds.sam	BRUMIC
BRUMIC047F.fastq_cds.sam	BRUMIC
BRUMIC049F.fastq_cds.sam	BRUMIC
BRUMIC050F.fastq_cds.sam	BRUMIC
BRUMIC051F.fastq_cds.sam	BRUMIC
BRUMIC055F.fastq_cds.sam	BRUMIC
SNOMIC011BF.fastq_cds.sam	SNOMIC
SNOMIC013BF.fastq_cds.sam	SNOMIC
SNOMIC014BF.fastq_cds.sam	SNOMIC
SNOMIC015BF.fastq_cds.sam	SNOMIC
SNOMIC016BF.fastq_cds.sam	SNOMIC
SNOMIC045F_2.fastq_cds.sam	SNOMIC
SNOMIC047F_2.fastq_cds.sam	SNOMIC
SNOMIC048F_2.fastq_cds.sam	SNOMIC
SNOMIC049F.fastq_cds.sam	SNOMIC
SNOMIC050F.fastq_cds.sam	SNOMIC
SNOMIC051F.fastq_cds.sam	SNOMIC
SNOMIC052F.fastq_cds.sam	SNOMIC
SNOMIC053F.fastq_cds.sam	SNOMIC
SNOMIC054F.fastq_cds.sam	SNOMIC
SNOMIC055F.fastq_cds.sam	SNOMIC